file_name,date_created
file_1.pdf,DD/MM/YYYY
file_2.pdf,2025-12-25
file_3.pdf,25/12/2025
file_4.pdf,text
file_5.pdf,MM/DD/YYYY
file_6.pdf,yyyy
file_7.pdf,MM
file_8.pdf,2025-12-25
file_9.pdf,25/12/2025
file_10.pdf,2025-12-25
file_11.pdf,DD/MM/YYYY
file_12.pdf,MM/DD/YYYY
file_13.pdf,12-25-2025 14:33:22
file_14.pdf,dd-mm
file_15.pdf,12-25-2025 14:33:22
file_16.pdf,dd-mm-yyyy T hh:mm:ss
file_17.pdf,gibberish###
file_18.pdf,12-25-2025 14:33:22
file_19.pdf,2025-12-25###
file_20.pdf,gibberish
file_21.pdf,YYYY
file_22.pdf,yyyy
file_23.pdf,MM
file_24.pdf,12-25-2025 14:33:22
file_25.pdf,dd/MM/yyyy
file_26.pdf,MM
file_27.pdf,DD/YYYY/MM###
file_28.pdf,12-25-2025 14:33:22
file_29.pdf,25/12/2025###
file_30.pdf,12-25-2025 14:33:22
file_31.pdf,yyyy
file_32.pdf,12-25-2025 14:33:22
file_33.pdf,yyyy
file_34.pdf,12-25-2025 14:33:22###
file_35.pdf,25/12/2025
file_36.pdf,text
file_37.pdf,2025-12-25
file_38.pdf,dd-mm-yyyy T hh:mm:ss
file_39.pdf,text###
file_40.pdf,gibberish
file_41.pdf,MM/DD/YYYY
file_42.pdf,12-25-2025 14:33:22
file_43.pdf,MM/DD/YYYY
file_44.pdf,dd/MM/yyyy
file_45.pdf,text
file_46.pdf,DD/MM/YYYY
file_47.pdf,12-25-2025 14:33:22
file_48.pdf,12-25-2025 14:33:22
file_49.pdf,GIBBERISH
file_50.pdf,25/12/2025
file_51.pdf,25/12/2025
file_52.pdf,GIBBERISH
file_53.pdf,MM
file_54.pdf,gibberish
file_55.pdf,DD/YYYY/MM
file_56.pdf,text
file_57.pdf,DD-MM
file_58.pdf,25/12/2025
file_59.pdf,text
file_60.pdf,text
file_61.pdf,dd/MM/yyyy
file_62.pdf,2025-12-25
file_63.pdf,YYYY
file_64.pdf,12-25-2025 14:33:22
file_65.pdf,dd-mm
file_66.pdf,gibberish
file_67.pdf,dd/MM/yyyy
file_68.pdf,2025-12-25
file_69.pdf,MM###
file_70.pdf,2025-12-25
file_71.pdf,DD-MM
file_72.pdf,MM
file_73.pdf,dd-mm-yyyy T hh:mm:ss
file_74.pdf,12-25-2025 14:33:22
file_75.pdf,MM/DD/YYYY
file_76.pdf,dd-mm-yyyy T hh:mm:ss###
file_77.pdf,DD/MM/YYYY###
file_78.pdf,yyyy
file_79.pdf,DD-MM
file_80.pdf,25/12/2025
file_81.pdf,25/12/2025
file_82.pdf,text
file_83.pdf,12-25-2025 14:33:22
file_84.pdf,text
file_85.pdf,12-25-2025 14:33:22###
file_86.pdf,dd/yyyy/mm
file_87.pdf,DD/YYYY/MM
file_88.pdf,12-25-2025 14:33:22
file_89.pdf,text
file_90.pdf,12-25-2025 14:33:22
file_91.pdf,MM
file_92.pdf,25/12/2025
file_93.pdf,2025-12-25
file_94.pdf,dd-mm
file_95.pdf,25/12/2025
file_96.pdf,TEXT
file_97.pdf,12-25-2025 14:33:22###
file_98.pdf,dd/yyyy/mm
file_99.pdf,dd-mm-yyyy T hh:mm:ss
file_100.pdf,DD/MM/YYYY###
file_101.pdf,dd/MM/yyyy
file_102.pdf,dd/yyyy/mm
file_103.pdf,25/12/2025
file_104.pdf,dd/MM/yyyy
file_105.pdf,12-25-2025 14:33:22
file_106.pdf,text
file_107.pdf,2025-12-25
file_108.pdf,2025-12-25
file_109.pdf,yyyy
file_110.pdf,MM/DD/YYYY
file_111.pdf,dd/MM/yyyy
file_112.pdf,12-25-2025 14:33:22
file_113.pdf,12-25-2025 14:33:22
file_114.pdf,12-25-2025 14:33:22
file_115.pdf,2025-12-25
file_116.pdf,dd/yyyy/mm
file_117.pdf,dd-mm
file_118.pdf,gibberish
file_119.pdf,25/12/2025
file_120.pdf,text
file_121.pdf,dd/MM/yyyy
file_122.pdf,MM
file_123.pdf,dd/MM/yyyy
file_124.pdf,text
file_125.pdf,gibberish
file_126.pdf,MM
file_127.pdf,25/12/2025
file_128.pdf,DD-MM-YYYY T HH:MM:SS
file_129.pdf,text###
file_130.pdf,dd/MM/yyyy
file_131.pdf,gibberish
file_132.pdf,gibberish
file_133.pdf,DD/YYYY/MM
file_134.pdf,2025-12-25
file_135.pdf,dd/yyyy/mm
file_136.pdf,gibberish
file_137.pdf,dd/MM/yyyy###
file_138.pdf,MM
file_139.pdf,2025-12-25
file_140.pdf,25/12/2025
file_141.pdf,yyyy
file_142.pdf,2025-12-25
file_143.pdf,12-25-2025 14:33:22
file_144.pdf,25/12/2025
file_145.pdf,MM/DD/YYYY###
file_146.pdf,MM/DD/YYYY
file_147.pdf,MM/DD/YYYY
file_148.pdf,MM/DD/YYYY
file_149.pdf,dd/MM/yyyy
file_150.pdf,2025-12-25
file_151.pdf,MM/DD/YYYY
file_152.pdf,MM/DD/YYYY
file_153.pdf,MM###
file_154.pdf,MM/DD/YYYY
file_155.pdf,dd-mm
file_156.pdf,text
file_157.pdf,12-25-2025 14:33:22
file_158.pdf,MM/DD/YYYY
file_159.pdf,MM
file_160.pdf,text
file_161.pdf,dd-mm
file_162.pdf,DD/YYYY/MM
file_163.pdf,dd/yyyy/mm
file_164.pdf,yyyy
file_165.pdf,gibberish
file_166.pdf,dd/yyyy/mm
file_167.pdf,2025-12-25
file_168.pdf,dd-mm-yyyy T hh:mm:ss###
file_169.pdf,yyyy
file_170.pdf,MM
file_171.pdf,MM
file_172.pdf,2025-12-25
file_173.pdf,MM/DD/YYYY
file_174.pdf,text
file_175.pdf,dd-mm-yyyy T hh:mm:ss
file_176.pdf,dd/yyyy/mm
file_177.pdf,gibberish
file_178.pdf,dd/MM/yyyy
file_179.pdf,dd/yyyy/mm
file_180.pdf,12-25-2025 14:33:22
file_181.pdf,dd-mm-yyyy T hh:mm:ss
file_182.pdf,text
file_183.pdf,gibberish
file_184.pdf,yyyy
file_185.pdf,text
file_186.pdf,dd/yyyy/mm
file_187.pdf,MM/DD/YYYY
file_188.pdf,text
file_189.pdf,12-25-2025 14:33:22
file_190.pdf,DD-MM-YYYY T HH:MM:SS
file_191.pdf,MM
file_192.pdf,25/12/2025
file_193.pdf,MM
file_194.pdf,25/12/2025
file_195.pdf,25/12/2025
file_196.pdf,25/12/2025
file_197.pdf,yyyy
file_198.pdf,12-25-2025 14:33:22
file_199.pdf,dd-mm
file_200.pdf,DD/YYYY/MM
file_201.pdf,dd-mm-yyyy T hh:mm:ss
file_202.pdf,dd/yyyy/mm
file_203.pdf,MM
file_204.pdf,dd-mm
file_205.pdf,2025-12-25
file_206.pdf,text###
file_207.pdf,DD/MM/YYYY
file_208.pdf,text
file_209.pdf,25/12/2025
file_210.pdf,2025-12-25
file_211.pdf,dd-mm
file_212.pdf,dd/yyyy/mm
file_213.pdf,dd-mm-yyyy T hh:mm:ss
file_214.pdf,gibberish
file_215.pdf,dd/yyyy/mm
file_216.pdf,text###
file_217.pdf,2025-12-25
file_218.pdf,DD/MM/YYYY
file_219.pdf,MM/DD/YYYY
file_220.pdf,dd-mm###
file_221.pdf,MM/DD/YYYY
file_222.pdf,dd-mm
file_223.pdf,gibberish
file_224.pdf,gibberish
file_225.pdf,dd/MM/yyyy
file_226.pdf,12-25-2025 14:33:22###
file_227.pdf,25/12/2025
file_228.pdf,text
file_229.pdf,DD/YYYY/MM
file_230.pdf,dd/yyyy/mm
file_231.pdf,2025-12-25
file_232.pdf,dd/MM/yyyy
file_233.pdf,text
file_234.pdf,2025-12-25
file_235.pdf,gibberish
file_236.pdf,dd-mm-yyyy T hh:mm:ss###
file_237.pdf,dd/yyyy/mm
file_238.pdf,dd/MM/yyyy
file_239.pdf,MM
file_240.pdf,dd-mm
file_241.pdf,MM/DD/YYYY
file_242.pdf,25/12/2025
file_243.pdf,gibberish###
file_244.pdf,GIBBERISH
file_245.pdf,text
file_246.pdf,dd-mm-yyyy T hh:mm:ss
file_247.pdf,2025-12-25
file_248.pdf,12-25-2025 14:33:22
file_249.pdf,dd/MM/yyyy
file_250.pdf,MM/DD/YYYY
file_251.pdf,dd-mm-yyyy T hh:mm:ss###
file_252.pdf,25/12/2025
file_253.pdf,2025-12-25
file_254.pdf,2025-12-25###
file_255.pdf,text
file_256.pdf,text###
file_257.pdf,dd-mm-yyyy T hh:mm:ss
file_258.pdf,25/12/2025
file_259.pdf,gibberish
file_260.pdf,yyyy
file_261.pdf,MM/DD/YYYY
file_262.pdf,dd-mm-yyyy T hh:mm:ss
file_263.pdf,dd/MM/yyyy
file_264.pdf,MM/DD/YYYY
file_265.pdf,text
file_266.pdf,dd/yyyy/mm
file_267.pdf,MM
file_268.pdf,MM###
file_269.pdf,MM
file_270.pdf,MM
file_271.pdf,12-25-2025 14:33:22
file_272.pdf,25/12/2025
file_273.pdf,GIBBERISH
file_274.pdf,dd-mm
file_275.pdf,text
file_276.pdf,gibberish
file_277.pdf,MM###
file_278.pdf,MM###
file_279.pdf,YYYY
file_280.pdf,dd/yyyy/mm###
file_281.pdf,2025-12-25
file_282.pdf,MM
file_283.pdf,MM
file_284.pdf,text
file_285.pdf,2025-12-25
file_286.pdf,MM/DD/YYYY
file_287.pdf,yyyy
file_288.pdf,yyyy
file_289.pdf,text
file_290.pdf,25/12/2025
file_291.pdf,MM/DD/YYYY
file_292.pdf,12-25-2025 14:33:22
file_293.pdf,12-25-2025 14:33:22
file_294.pdf,12-25-2025 14:33:22
file_295.pdf,MM/DD/YYYY
file_296.pdf,GIBBERISH
file_297.pdf,25/12/2025
file_298.pdf,dd-mm
file_299.pdf,dd-mm
file_300.pdf,2025-12-25
file_301.pdf,25/12/2025
file_302.pdf,MM/DD/YYYY
file_303.pdf,dd/MM/yyyy
file_304.pdf,dd-mm-yyyy T hh:mm:ss
file_305.pdf,yyyy
file_306.pdf,2025-12-25###
file_307.pdf,12-25-2025 14:33:22
file_308.pdf,dd/yyyy/mm
file_309.pdf,DD-MM-YYYY T HH:MM:SS
file_310.pdf,dd/yyyy/mm
file_311.pdf,MM
file_312.pdf,gibberish
file_313.pdf,25/12/2025
file_314.pdf,dd-mm-yyyy T hh:mm:ss
file_315.pdf,2025-12-25
file_316.pdf,dd/MM/yyyy
file_317.pdf,2025-12-25
file_318.pdf,12-25-2025 14:33:22
file_319.pdf,dd-mm-yyyy T hh:mm:ss
file_320.pdf,dd-mm-yyyy T hh:mm:ss###
file_321.pdf,dd-mm
file_322.pdf,text
file_323.pdf,dd/MM/yyyy
file_324.pdf,MM
file_325.pdf,yyyy
file_326.pdf,MM/DD/YYYY
file_327.pdf,25/12/2025
file_328.pdf,DD-MM-YYYY T HH:MM:SS
file_329.pdf,dd/MM/yyyy
file_330.pdf,dd-mm
file_331.pdf,MM/DD/YYYY
file_332.pdf,GIBBERISH
file_333.pdf,MM/DD/YYYY
file_334.pdf,text
file_335.pdf,dd/yyyy/mm###
file_336.pdf,dd/yyyy/mm
file_337.pdf,text
file_338.pdf,dd/yyyy/mm
file_339.pdf,GIBBERISH
file_340.pdf,2025-12-25###
file_341.pdf,YYYY
file_342.pdf,GIBBERISH
file_343.pdf,12-25-2025 14:33:22
file_344.pdf,dd-mm
file_345.pdf,text
file_346.pdf,MM
file_347.pdf,MM/DD/YYYY
file_348.pdf,DD-MM-YYYY T HH:MM:SS
file_349.pdf,TEXT
file_350.pdf,gibberish
file_351.pdf,dd/MM/yyyy
file_352.pdf,gibberish
file_353.pdf,25/12/2025
file_354.pdf,DD-MM
file_355.pdf,text###
file_356.pdf,dd-mm
file_357.pdf,MM
file_358.pdf,DD/YYYY/MM
file_359.pdf,dd-mm-yyyy T hh:mm:ss
file_360.pdf,25/12/2025
file_361.pdf,dd/MM/yyyy
file_362.pdf,25/12/2025
file_363.pdf,MM/DD/YYYY###
file_364.pdf,2025-12-25
file_365.pdf,12-25-2025 14:33:22
file_366.pdf,2025-12-25
file_367.pdf,dd/yyyy/mm
file_368.pdf,dd-mm-yyyy T hh:mm:ss
file_369.pdf,DD/MM/YYYY
file_370.pdf,TEXT
file_371.pdf,dd/MM/yyyy
file_372.pdf,12-25-2025 14:33:22
file_373.pdf,12-25-2025 14:33:22
file_374.pdf,DD/MM/YYYY
file_375.pdf,dd/yyyy/mm
file_376.pdf,YYYY###
file_377.pdf,MM
file_378.pdf,MM/DD/YYYY
file_379.pdf,MM###
file_380.pdf,text
file_381.pdf,dd/yyyy/mm
file_382.pdf,dd-mm
file_383.pdf,12-25-2025 14:33:22###
file_384.pdf,2025-12-25
file_385.pdf,25/12/2025
file_386.pdf,2025-12-25
file_387.pdf,MM/DD/YYYY
file_388.pdf,DD/MM/YYYY
file_389.pdf,dd/MM/yyyy
file_390.pdf,12-25-2025 14:33:22
file_391.pdf,MM/DD/YYYY###
file_392.pdf,2025-12-25
file_393.pdf,text
file_394.pdf,25/12/2025
file_395.pdf,DD-MM-YYYY T HH:MM:SS
file_396.pdf,MM
file_397.pdf,dd/yyyy/mm
file_398.pdf,text
file_399.pdf,MM/DD/YYYY
file_400.pdf,dd/MM/yyyy
file_401.pdf,25/12/2025
file_402.pdf,gibberish
file_403.pdf,dd-mm
file_404.pdf,MM/DD/YYYY###
file_405.pdf,2025-12-25
file_406.pdf,dd/yyyy/mm
file_407.pdf,DD/YYYY/MM
file_408.pdf,dd-mm-yyyy T hh:mm:ss
file_409.pdf,12-25-2025 14:33:22###
file_410.pdf,text
file_411.pdf,2025-12-25
file_412.pdf,YYYY
file_413.pdf,DD-MM
file_414.pdf,gibberish
file_415.pdf,MM
file_416.pdf,dd-mm-yyyy T hh:mm:ss
file_417.pdf,MM
file_418.pdf,yyyy###
file_419.pdf,2025-12-25
file_420.pdf,yyyy
file_421.pdf,MM/DD/YYYY
file_422.pdf,MM
file_423.pdf,yyyy
file_424.pdf,TEXT
file_425.pdf,12-25-2025 14:33:22
file_426.pdf,text
file_427.pdf,dd-mm
file_428.pdf,25/12/2025
file_429.pdf,gibberish
file_430.pdf,2025-12-25
file_431.pdf,2025-12-25
file_432.pdf,2025-12-25
file_433.pdf,12-25-2025 14:33:22
file_434.pdf,dd-mm-yyyy T hh:mm:ss
file_435.pdf,MM/DD/YYYY
file_436.pdf,12-25-2025 14:33:22###
file_437.pdf,yyyy
file_438.pdf,2025-12-25
file_439.pdf,dd-mm
file_440.pdf,12-25-2025 14:33:22
file_441.pdf,12-25-2025 14:33:22
file_442.pdf,dd/MM/yyyy
file_443.pdf,dd/yyyy/mm
file_444.pdf,dd-mm
file_445.pdf,TEXT
file_446.pdf,dd-mm
file_447.pdf,yyyy
file_448.pdf,MM/DD/YYYY
file_449.pdf,dd-mm
file_450.pdf,dd-mm-yyyy T hh:mm:ss###
file_451.pdf,yyyy
file_452.pdf,MM
file_453.pdf,12-25-2025 14:33:22
file_454.pdf,DD-MM-YYYY T HH:MM:SS
file_455.pdf,dd-mm###
file_456.pdf,MM/DD/YYYY
file_457.pdf,2025-12-25
file_458.pdf,MM/DD/YYYY
file_459.pdf,dd-mm-yyyy T hh:mm:ss###
file_460.pdf,yyyy
file_461.pdf,gibberish
file_462.pdf,MM
file_463.pdf,MM
file_464.pdf,yyyy
file_465.pdf,12-25-2025 14:33:22
file_466.pdf,MM
file_467.pdf,dd/yyyy/mm
file_468.pdf,12-25-2025 14:33:22
file_469.pdf,text
file_470.pdf,yyyy
file_471.pdf,12-25-2025 14:33:22
file_472.pdf,yyyy
file_473.pdf,MM/DD/YYYY
file_474.pdf,dd/MM/yyyy
file_475.pdf,dd/MM/yyyy
file_476.pdf,12-25-2025 14:33:22
file_477.pdf,2025-12-25
file_478.pdf,dd-mm
file_479.pdf,MM/DD/YYYY
file_480.pdf,MM
file_481.pdf,25/12/2025
file_482.pdf,dd-mm
file_483.pdf,2025-12-25
file_484.pdf,MM/DD/YYYY
file_485.pdf,MM/DD/YYYY
file_486.pdf,text
file_487.pdf,TEXT
file_488.pdf,dd/yyyy/mm
file_489.pdf,dd-mm
file_490.pdf,dd/yyyy/mm
file_491.pdf,2025-12-25
file_492.pdf,12-25-2025 14:33:22
file_493.pdf,gibberish
file_494.pdf,dd-mm-yyyy T hh:mm:ss
file_495.pdf,MM
file_496.pdf,gibberish
file_497.pdf,25/12/2025
file_498.pdf,DD-MM-YYYY T HH:MM:SS
file_499.pdf,yyyy
file_500.pdf,gibberish
